date,usd_rate,eur_rate
2016-01-01,63.79,69.65
2016-01-04,64.25,68.67
2016-01-05,66.38,71.14
2016-01-06,65.5,69.53
2016-01-07,64.21,69.31
2016-01-08,65.78,69.93
2016-01-11,65.16,71.12
2016-01-12,66.47,69.41
2016-01-13,63.96,68.62
2016-01-14,64.53,70.08
2016-01-15,64.43,69.82
2016-01-18,62.83,71.24
2016-01-19,65.47,71.17
2016-01-20,65.42,69.34
2016-01-21,65.03,70.11
2016-01-22,64.68,67.56
2016-01-25,62.91,67.84
2016-01-26,64.4,68.48
2016-01-27,64.52,70.86
2016-01-28,63.83,68.23
2016-01-29,64.8,69.83
2016-02-01,67.14,71.66
2016-02-02,69.37,77.33
2016-02-03,66.8,71.71
2016-02-04,66.93,74.74
2016-02-05,66.43,72.83
2016-02-08,63.67,69.38
2016-02-09,66.51,72.32
2016-02-10,66.64,72.5
2016-02-11,70.25,73.16
2016-02-12,66.27,71.2
2016-02-15,67.01,73.5
2016-02-16,66.51,71.77
2016-02-17,64.81,68.17
2016-02-18,68.28,73.67
2016-02-19,67.69,75.41
2016-02-22,67.75,74.86
2016-02-23,65.2,70.34
2016-02-24,68.67,75.47
2016-02-25,64.47,69.16
2016-02-26,67.45,70.55
2016-02-29,69.86,74.16
2016-03-01,66.19,73.55
2016-03-02,66.83,71.81
2016-03-03,67.83,72.93
2016-03-04,66.93,71.88
2016-03-07,65.36,73.08
2016-03-08,67.79,75.42
2016-03-09,66.09,74.31
2016-03-10,68.4,73.65
2016-03-11,66.31,72.01
2016-03-14,70.02,73.5
2016-03-15,66.52,73.81
2016-03-16,67.21,71.02
2016-03-17,68.92,74.73
2016-03-18,65.85,69.67
2016-03-21,68.04,72.68
2016-03-22,69.66,74.07
2016-03-23,65.29,69.72
2016-03-24,67.98,72.69
2016-03-25,68.1,72.8
2016-03-28,68.88,75.54
2016-03-29,65.86,69.67
2016-03-30,65.73,71.28
2016-03-31,68.5,75.65
2016-04-01,68.57,73.35
2016-04-04,68.5,73.0
2016-04-05,68.64,73.81
2016-04-06,67.11,74.06
2016-04-07,68.48,74.22
2016-04-08,68.57,73.33
2016-04-11,67.06,73.07
2016-04-12,70.93,75.04
2016-04-13,68.85,75.3
2016-04-14,66.35,72.2
2016-04-15,69.12,74.22
2016-04-18,66.68,70.9
2016-04-19,69.32,73.64
2016-04-20,69.88,76.22
2016-04-21,66.92,73.92
2016-04-22,69.59,74.27
2016-04-25,68.77,74.9
2016-04-26,69.38,72.03
2016-04-27,71.0,75.85
2016-04-28,67.79,73.17
2016-04-29,67.03,71.17
2016-05-02,66.42,70.49
2016-05-03,66.54,70.97
2016-05-04,67.65,73.46
2016-05-05,68.27,73.48
2016-05-06,68.18,70.58
2016-05-09,69.01,71.6
2016-05-10,67.79,72.39
2016-05-11,69.95,76.19
2016-05-12,67.37,69.06
2016-05-13,71.85,76.88
2016-05-16,68.71,73.48
2016-05-17,66.49,73.66
2016-05-18,66.17,70.95
2016-05-19,68.5,74.5
2016-05-20,67.45,73.04
2016-05-23,68.86,71.43
2016-05-24,68.5,75.03
2016-05-25,67.68,73.39
2016-05-26,66.52,72.52
2016-05-27,65.52,75.91
2016-05-30,67.12,69.69
2016-05-31,69.08,76.99
2016-06-01,67.02,72.0
2016-06-02,64.83,70.39
2016-06-03,66.96,72.26
2016-06-06,67.28,72.09
2016-06-07,65.38,69.87
2016-06-08,66.94,72.74
2016-06-09,66.8,70.12
2016-06-10,65.0,71.18
2016-06-13,67.25,72.07
2016-06-14,67.56,71.44
2016-06-15,68.34,73.19
2016-06-16,68.3,75.48
2016-06-17,64.66,69.14
2016-06-20,65.32,71.01
2016-06-21,67.5,71.91
2016-06-22,67.5,73.92
2016-06-23,67.5,73.83
2016-06-24,72.51,80.99
2016-06-27,67.59,72.76
2016-06-28,68.44,74.83
2016-06-29,68.17,73.76
2016-06-30,67.72,74.89
2016-07-01,64.77,69.02
2016-07-04,66.38,72.68
2016-07-05,64.08,68.96
2016-07-06,64.89,70.0
2016-07-07,64.52,69.8
2016-07-08,65.37,70.93
2016-07-11,68.72,74.06
2016-07-12,62.45,67.71
2016-07-13,66.28,73.67
2016-07-14,62.84,69.11
2016-07-15,64.55,70.84
2016-07-18,66.89,71.63
2016-07-19,65.36,69.43
2016-07-20,63.65,69.96
2016-07-21,64.19,70.45
2016-07-22,66.29,73.55
2016-07-25,64.17,68.53
2016-07-26,65.6,70.55
2016-07-27,65.34,68.42
2016-07-28,64.3,68.94
2016-07-29,68.49,75.33
2016-08-01,64.73,69.3
2016-08-02,60.74,66.38
2016-08-03,64.06,68.94
2016-08-04,62.79,68.22
2016-08-05,65.07,68.78
2016-08-08,62.6,67.71
2016-08-09,63.62,64.9
2016-08-10,64.55,69.47
2016-08-11,65.09,68.17
2016-08-12,62.0,68.46
2016-08-15,63.3,69.35
2016-08-16,63.09,68.73
2016-08-17,62.82,69.76
2016-08-18,66.45,70.5
2016-08-19,64.41,71.81
2016-08-22,61.92,68.03
2016-08-23,65.19,70.1
2016-08-24,66.99,73.87
2016-08-25,65.36,69.14
2016-08-26,61.54,65.45
2016-08-29,63.09,67.37
2016-08-30,65.72,70.28
2016-08-31,62.76,66.45
2016-09-01,63.39,70.01
2016-09-02,63.89,68.67
2016-09-05,61.34,66.68
2016-09-06,62.64,66.94
2016-09-07,57.87,60.39
2016-09-08,61.2,66.43
2016-09-09,62.36,64.96
2016-09-12,60.86,65.65
2016-09-13,65.19,68.62
2016-09-14,60.59,67.85
2016-09-15,62.08,68.18
2016-09-16,62.94,68.11
2016-09-19,64.91,71.74
2016-09-20,60.59,64.41
2016-09-21,64.49,70.35
2016-09-22,62.77,68.04
2016-09-23,61.28,66.51
2016-09-26,63.45,70.14
2016-09-27,63.06,69.03
2016-09-28,61.86,67.17
2016-09-29,62.87,65.82
2016-09-30,62.18,65.96
2016-10-03,62.53,67.38
2016-10-04,63.36,68.55
2016-10-05,64.75,68.47
2016-10-06,60.51,68.27
2016-10-07,65.57,72.8
2016-10-10,59.44,64.91
2016-10-11,62.15,67.21
2016-10-12,63.26,68.05
2016-10-13,62.8,66.63
2016-10-14,61.44,66.45
2016-10-17,62.07,67.36
2016-10-18,61.64,65.04
2016-10-19,61.5,66.83
2016-10-20,63.66,68.56
2016-10-21,62.92,65.55
2016-10-24,61.35,65.2
2016-10-25,63.74,68.31
2016-10-26,62.85,70.25
2016-10-27,63.61,69.41
2016-10-28,63.34,66.72
2016-10-31,61.16,66.65
2016-11-01,61.96,65.0
2016-11-02,63.93,70.43
2016-11-03,63.72,68.22
2016-11-04,62.78,67.68
2016-11-07,62.99,69.7
2016-11-08,64.73,68.24
2016-11-09,61.93,65.15
2016-11-10,63.64,67.99
2016-11-11,62.51,68.81
2016-11-14,62.49,65.59
2016-11-15,64.47,65.98
2016-11-16,64.06,68.61
2016-11-17,64.05,69.88
2016-11-18,64.79,71.53
2016-11-21,62.86,67.31
2016-11-22,63.85,68.43
2016-11-23,62.37,68.8
2016-11-24,63.32,66.02
2016-11-25,62.64,67.16
2016-11-28,62.98,68.26
2016-11-29,63.73,69.4
2016-11-30,61.61,65.91
2016-12-01,67.08,72.49
2016-12-02,62.43,64.32
2016-12-05,62.12,66.27
2016-12-06,65.68,71.53
2016-12-07,65.14,69.07
2016-12-08,64.89,70.16
2016-12-09,64.9,70.67
2016-12-12,63.94,68.62
2016-12-13,62.61,67.83
2016-12-14,64.07,67.96
2016-12-15,62.94,67.72
2016-12-16,65.42,71.45
2016-12-19,63.74,69.04
2016-12-20,62.73,67.01
2016-12-21,63.49,68.85
2016-12-22,64.59,70.68
2016-12-23,63.13,65.59
2016-12-26,62.74,69.21
2016-12-27,64.34,69.05
2016-12-28,64.34,70.03
2016-12-29,63.22,69.79
2016-12-30,63.27,66.6
2017-01-02,60.83,64.83
2017-01-03,58.31,62.64
2017-01-04,58.37,62.12
2017-01-05,59.41,66.22
2017-01-06,60.17,63.95
2017-01-09,60.96,65.16
2017-01-10,62.71,67.98
2017-01-11,61.78,65.24
2017-01-12,60.26,64.6
2017-01-13,60.47,65.69
2017-01-16,59.0,63.33
2017-01-17,60.48,65.21
2017-01-18,60.07,64.24
2017-01-19,60.99,64.02
2017-01-20,59.27,64.39
2017-01-23,61.29,68.34
2017-01-24,62.81,67.86
2017-01-25,60.35,65.45
2017-01-26,61.12,66.86
2017-01-27,61.55,64.91
2017-01-30,59.92,66.75
2017-01-31,60.86,65.98
2017-02-01,61.54,68.47
2017-02-02,61.67,65.7
2017-02-03,60.37,67.39
2017-02-06,61.57,67.45
2017-02-07,62.28,67.95
2017-02-08,63.71,69.1
2017-02-09,62.97,67.69
2017-02-10,64.77,71.51
2017-02-13,60.39,65.39
2017-02-14,62.85,65.41
2017-02-15,61.82,65.38
2017-02-16,64.83,69.78
2017-02-17,60.33,65.53
2017-02-20,60.29,65.04
2017-02-21,60.65,66.98
2017-02-22,58.36,60.75
2017-02-23,60.76,65.8
2017-02-24,60.42,63.06
2017-02-27,61.78,67.66
2017-02-28,62.07,66.92
2017-03-01,65.11,70.87
2017-03-02,63.72,67.72
2017-03-03,61.43,67.92
2017-03-06,60.95,67.1
2017-03-07,63.04,68.82
2017-03-08,60.32,64.99
2017-03-09,65.05,71.01
2017-03-10,64.07,68.29
2017-03-13,61.6,67.58
2017-03-14,59.74,66.49
2017-03-15,64.34,70.86
2017-03-16,62.14,66.2
2017-03-17,64.17,69.77
2017-03-20,59.92,63.16
2017-03-21,61.42,67.04
2017-03-22,62.33,67.88
2017-03-23,62.39,65.05
2017-03-24,61.65,65.15
2017-03-27,63.26,67.96
2017-03-28,60.73,65.22
2017-03-29,62.12,65.59
2017-03-30,62.51,68.0
2017-03-31,63.1,68.47
2017-04-03,63.67,68.52
2017-04-04,60.92,64.87
2017-04-05,60.31,66.4
2017-04-06,64.52,71.82
2017-04-07,63.11,67.55
2017-04-10,61.49,65.66
2017-04-11,64.94,70.77
2017-04-12,62.79,67.36
2017-04-13,64.39,69.36
2017-04-14,62.72,68.67
2017-04-17,65.71,68.46
2017-04-18,65.26,72.2
2017-04-19,62.25,67.32
2017-04-20,64.08,68.68
2017-04-21,63.6,68.57
2017-04-24,64.68,69.81
2017-04-25,61.18,63.96
2017-04-26,63.66,70.66
2017-04-27,64.22,69.41
2017-04-28,60.0,65.33
2017-05-01,60.6,66.6
2017-05-02,59.31,62.84
2017-05-03,61.97,67.51
2017-05-04,63.45,68.19
2017-05-05,64.63,70.89
2017-05-08,62.49,64.83
2017-05-09,64.83,69.89
2017-05-10,60.31,64.41
2017-05-11,59.83,65.13
2017-05-12,62.3,67.87
2017-05-15,62.97,67.12
2017-05-16,62.34,66.44
2017-05-17,59.29,63.9
2017-05-18,62.26,66.12
2017-05-19,60.44,66.29
2017-05-22,63.4,68.0
2017-05-23,62.95,64.33
2017-05-24,60.99,65.41
2017-05-25,61.63,65.28
2017-05-26,60.82,63.7
2017-05-29,62.31,65.75
2017-05-30,63.84,69.09
2017-05-31,60.93,67.42
2017-06-01,62.44,67.83
2017-06-02,60.89,65.02
2017-06-05,60.5,65.89
2017-06-06,61.53,65.89
2017-06-07,60.14,64.12
2017-06-08,60.86,64.32
2017-06-09,59.9,62.59
2017-06-12,64.64,69.31
2017-06-13,61.75,66.89
2017-06-14,60.65,65.38
2017-06-15,62.02,66.47
2017-06-16,61.53,65.29
2017-06-19,61.37,67.03
2017-06-20,62.63,65.99
2017-06-21,62.84,68.84
2017-06-22,60.91,64.56
2017-06-23,60.85,64.8
2017-06-26,61.3,64.41
2017-06-27,58.26,62.34
2017-06-28,59.44,65.35
2017-06-29,63.77,69.53
2017-06-30,64.19,70.58
2017-07-03,60.35,65.81
2017-07-04,61.59,65.16
2017-07-05,61.19,65.68
2017-07-06,65.35,69.56
2017-07-07,62.41,69.06
2017-07-10,60.54,63.93
2017-07-11,59.3,65.1
2017-07-12,58.33,64.04
2017-07-13,61.04,68.16
2017-07-14,59.6,63.88
2017-07-17,58.61,64.13
2017-07-18,59.77,67.28
2017-07-19,59.12,63.12
2017-07-20,63.28,66.4
2017-07-21,62.07,64.7
2017-07-24,60.74,66.47
2017-07-25,62.97,65.64
2017-07-26,60.87,65.29
2017-07-27,59.46,64.74
2017-07-28,63.04,68.32
2017-07-31,61.57,67.02
2017-08-01,58.21,63.13
2017-08-02,59.48,65.76
2017-08-03,58.45,62.01
2017-08-04,57.69,61.52
2017-08-07,61.16,65.11
2017-08-08,62.63,68.68
2017-08-09,57.67,63.32
2017-08-10,60.62,66.02
2017-08-11,58.8,64.9
2017-08-14,59.05,62.38
2017-08-15,58.89,65.56
2017-08-16,58.49,64.95
2017-08-17,59.86,65.53
2017-08-18,58.54,65.31
2017-08-21,60.19,63.01
2017-08-22,59.71,63.86
2017-08-23,59.43,63.31
2017-08-24,58.43,63.95
2017-08-25,58.93,62.41
2017-08-28,60.93,66.73
2017-08-29,60.55,67.05
2017-08-30,58.33,63.81
2017-08-31,59.95,65.09
2017-09-01,60.2,63.83
2017-09-04,56.57,60.14
2017-09-05,59.89,66.18
2017-09-06,58.08,63.63
2017-09-07,59.94,64.69
2017-09-08,57.94,62.09
2017-09-11,56.38,58.61
2017-09-12,56.64,59.96
2017-09-13,59.16,66.15
2017-09-14,59.48,62.72
2017-09-15,57.73,62.57
2017-09-18,60.05,66.06
2017-09-19,56.6,59.71
2017-09-20,59.0,63.94
2017-09-21,57.28,62.94
2017-09-22,58.12,62.78
2017-09-25,59.17,67.3
2017-09-26,57.81,60.51
2017-09-27,58.53,64.45
2017-09-28,60.62,65.26
2017-09-29,58.24,63.8
2017-10-02,60.1,65.44
2017-10-03,57.15,60.88
2017-10-04,59.64,64.68
2017-10-05,61.01,63.62
2017-10-06,55.14,60.22
2017-10-09,57.66,62.62
2017-10-10,59.72,65.26
2017-10-11,58.55,64.47
2017-10-12,59.41,64.6
2017-10-13,57.95,62.76
2017-10-16,58.99,62.67
2017-10-17,58.63,62.49
2017-10-18,60.62,66.91
2017-10-19,59.25,65.69
2017-10-20,59.38,63.85
2017-10-23,58.25,62.96
2017-10-24,58.14,61.74
2017-10-25,58.23,64.25
2017-10-26,59.47,65.02
2017-10-27,58.25,65.17
2017-10-30,59.31,63.01
2017-10-31,61.99,66.48
2017-11-01,60.46,65.58
2017-11-02,58.66,64.11
2017-11-03,60.96,65.57
2017-11-06,58.54,62.2
2017-11-07,56.1,61.58
2017-11-08,57.65,63.09
2017-11-09,56.36,59.84
2017-11-10,58.64,64.92
2017-11-13,59.19,65.31
2017-11-14,61.68,66.78
2017-11-15,59.66,64.53
2017-11-16,58.84,64.2
2017-11-17,60.42,64.21
2017-11-20,55.86,60.36
2017-11-21,59.53,61.73
2017-11-22,60.34,66.22
2017-11-23,56.96,59.74
2017-11-24,60.9,67.6
2017-11-27,59.69,64.07
2017-11-28,58.56,63.0
2017-11-29,60.14,64.2
2017-11-30,62.6,67.25
2017-12-01,60.2,66.72
2017-12-04,60.3,62.12
2017-12-05,59.24,65.49
2017-12-06,58.65,63.74
2017-12-07,61.18,64.6
2017-12-08,58.65,62.08
2017-12-11,60.04,66.86
2017-12-12,59.22,62.84
2017-12-13,60.66,64.11
2017-12-14,60.44,66.65
2017-12-15,61.5,66.84
2017-12-18,59.18,62.8
2017-12-19,59.54,64.56
2017-12-20,58.48,61.96
2017-12-21,59.28,65.33
2017-12-22,60.52,66.65
2017-12-25,61.09,66.63
2017-12-26,58.57,63.68
2017-12-27,61.26,68.32
2017-12-28,61.99,66.95
2017-12-29,60.58,63.99
2018-01-01,68.78,74.9
2018-01-02,64.8,72.69
2018-01-03,64.1,67.93
2018-01-04,63.3,67.91
2018-01-05,68.21,74.23
2018-01-08,66.95,72.23
2018-01-09,65.89,69.87
2018-01-10,66.4,73.2
2018-01-11,64.29,72.42
2018-01-12,69.65,75.5
2018-01-15,66.18,70.28
2018-01-16,66.15,69.39
2018-01-17,67.07,72.78
2018-01-18,66.71,73.52
2018-01-19,66.32,72.26
2018-01-22,64.81,69.99
2018-01-23,66.7,71.25
2018-01-24,68.82,72.82
2018-01-25,68.01,74.59
2018-01-26,68.39,75.11
2018-01-29,65.23,68.43
2018-01-30,64.52,71.73
2018-01-31,65.82,71.84
2018-02-01,67.59,74.89
2018-02-02,69.15,72.83
2018-02-05,64.97,68.39
2018-02-06,69.81,75.19
2018-02-07,67.28,73.34
2018-02-08,66.87,74.62
2018-02-09,66.0,72.21
2018-02-12,65.04,69.93
2018-02-13,68.76,72.85
2018-02-14,67.63,74.7
2018-02-15,65.59,69.57
2018-02-16,65.58,72.96
2018-02-19,67.02,72.0
2018-02-20,70.03,77.86
2018-02-21,67.14,73.42
2018-02-22,65.28,70.32
2018-02-23,67.17,71.85
2018-02-26,67.13,72.04
2018-02-27,63.49,69.11
2018-02-28,67.46,72.96
2018-03-01,68.29,72.94
2018-03-02,69.69,75.03
2018-03-05,71.42,77.25
2018-03-06,70.34,72.97
2018-03-07,68.24,74.32
2018-03-08,66.99,71.04
2018-03-09,72.51,76.64
2018-03-12,68.74,71.92
2018-03-13,68.68,71.71
2018-03-14,68.62,72.25
2018-03-15,68.96,73.5
2018-03-16,68.44,76.59
2018-03-19,67.8,72.51
2018-03-20,67.84,73.51
2018-03-21,68.62,74.66
2018-03-22,67.85,73.46
2018-03-23,67.6,72.9
2018-03-26,68.83,72.69
2018-03-27,68.29,75.73
2018-03-28,70.93,79.17
2018-03-29,64.7,67.7
2018-03-30,70.32,74.51
2018-04-02,70.95,76.23
2018-04-03,65.97,69.97
2018-04-04,68.57,74.75
2018-04-05,68.53,73.01
2018-04-06,66.98,75.24
2018-04-09,67.93,74.98
2018-04-10,67.43,73.11
2018-04-11,71.72,78.93
2018-04-12,70.5,77.7
2018-04-13,71.01,75.89
2018-04-16,70.18,74.65
2018-04-17,67.41,72.91
2018-04-18,68.32,74.96
2018-04-19,69.84,75.62
2018-04-20,67.28,70.54
2018-04-23,70.18,74.67
2018-04-24,68.75,74.15
2018-04-25,68.55,73.93
2018-04-26,70.18,78.56
2018-04-27,69.78,73.43
2018-04-30,68.58,74.76
2018-05-01,70.46,78.2
2018-05-02,67.1,75.52
2018-05-03,69.65,74.66
2018-05-04,69.62,75.87
2018-05-07,68.26,74.5
2018-05-08,69.22,75.03
2018-05-09,66.85,72.07
2018-05-10,70.12,76.34
2018-05-11,68.46,70.47
2018-05-14,67.95,74.31
2018-05-15,70.31,76.11
2018-05-16,67.68,72.79
2018-05-17,66.63,74.69
2018-05-18,66.41,70.83
2018-05-21,69.65,74.66
2018-05-22,66.83,74.84
2018-05-23,71.38,75.9
2018-05-24,65.63,70.16
2018-05-25,71.3,76.79
2018-05-28,69.07,75.76
2018-05-29,68.61,74.38
2018-05-30,67.94,71.62
2018-05-31,69.36,74.17
2018-06-01,67.61,72.2
2018-06-04,69.32,74.76
2018-06-05,67.84,73.84
2018-06-06,67.9,73.9
2018-06-07,67.13,70.12
2018-06-08,67.59,74.44
2018-06-11,68.14,73.94
2018-06-12,65.11,72.12
2018-06-13,65.66,71.5
2018-06-14,68.8,75.82
2018-06-15,67.94,74.01
2018-06-18,67.41,74.62
2018-06-19,67.71,73.83
2018-06-20,68.21,73.53
2018-06-21,66.88,75.27
2018-06-22,66.52,73.02
2018-06-25,67.99,74.21
2018-06-26,66.23,69.84
2018-06-27,68.31,72.01
2018-06-28,65.15,70.74
2018-06-29,69.25,74.99
2018-07-02,66.91,71.44
2018-07-03,66.59,72.1
2018-07-04,67.68,75.24
2018-07-05,68.71,75.16
2018-07-06,67.73,71.6
2018-07-09,63.45,68.38
2018-07-10,64.3,68.41
2018-07-11,65.28,70.0
2018-07-12,66.26,71.01
2018-07-13,67.0,71.72
2018-07-16,65.13,68.71
2018-07-17,66.5,71.65
2018-07-18,65.09,69.57
2018-07-19,65.31,66.71
2018-07-20,64.12,71.88
2018-07-23,64.85,71.45
2018-07-24,64.21,68.86
2018-07-25,64.77,69.98
2018-07-26,67.82,71.66
2018-07-27,64.81,72.19
2018-07-30,70.19,78.47
2018-07-31,66.98,72.55
2018-08-01,65.02,71.55
2018-08-02,63.46,68.76
2018-08-03,65.8,69.3
2018-08-06,63.89,68.47
2018-08-07,64.93,70.3
2018-08-08,68.59,73.45
2018-08-09,64.61,69.5
2018-08-10,66.48,71.68
2018-08-13,63.7,68.69
2018-08-14,64.71,69.95
2018-08-15,67.42,71.38
2018-08-16,63.82,68.01
2018-08-17,67.48,71.14
2018-08-20,65.83,72.38
2018-08-21,63.93,66.35
2018-08-22,65.72,72.49
2018-08-23,66.23,73.36
2018-08-24,65.71,70.57
2018-08-27,62.42,64.16
2018-08-28,63.69,68.32
2018-08-29,64.41,69.48
2018-08-30,64.67,68.54
2018-08-31,65.72,70.3
2018-09-03,63.95,71.02
2018-09-04,61.69,67.45
2018-09-05,64.26,68.21
2018-09-06,64.61,67.71
2018-09-07,64.54,69.28
2018-09-10,65.32,70.27
2018-09-11,64.95,70.79
2018-09-12,64.39,68.85
2018-09-13,63.6,69.34
2018-09-14,61.21,68.48
2018-09-17,64.35,70.55
2018-09-18,64.02,69.08
2018-09-19,64.12,69.01
2018-09-20,61.8,66.3
2018-09-21,62.09,68.52
2018-09-24,65.3,69.7
2018-09-25,63.66,68.81
2018-09-26,64.74,69.99
2018-09-27,63.76,68.22
2018-09-28,63.77,67.12
2018-10-01,64.73,70.33
2018-10-02,62.55,67.48
2018-10-03,63.47,69.18
2018-10-04,62.64,66.98
2018-10-05,62.68,69.22
2018-10-08,62.87,66.8
2018-10-09,63.67,70.94
2018-10-10,62.62,65.44
2018-10-11,65.22,71.0
2018-10-12,62.0,67.55
2018-10-15,63.06,67.1
2018-10-16,62.68,68.23
2018-10-17,65.52,72.44
2018-10-18,63.64,65.91
2018-10-19,64.9,70.74
2018-10-22,61.12,62.96
2018-10-23,63.75,67.62
2018-10-24,64.69,71.97
2018-10-25,63.48,67.82
2018-10-26,64.96,68.63
2018-10-29,62.58,67.34
2018-10-30,65.48,73.43
2018-10-31,66.81,69.71
2018-11-01,63.22,66.95
2018-11-02,63.1,70.04
2018-11-05,65.95,73.68
2018-11-06,66.14,71.29
2018-11-07,62.99,66.47
2018-11-08,63.15,70.85
2018-11-09,63.36,70.45
2018-11-12,61.76,67.54
2018-11-13,62.4,66.38
2018-11-14,62.28,67.2
2018-11-15,62.63,67.44
2018-11-16,63.74,69.26
2018-11-19,64.14,71.13
2018-11-20,66.12,72.57
2018-11-21,62.3,65.94
2018-11-22,65.27,72.29
2018-11-23,63.48,68.96
2018-11-26,63.73,69.7
2018-11-27,64.81,71.9
2018-11-28,62.12,65.71
2018-11-29,64.38,69.48
2018-11-30,64.06,68.5
2018-12-03,65.65,68.84
2018-12-04,65.34,71.02
2018-12-05,68.59,77.52
2018-12-06,63.96,66.72
2018-12-07,64.12,69.21
2018-12-10,63.98,69.92
2018-12-11,64.08,69.36
2018-12-12,63.96,68.93
2018-12-13,66.7,70.3
2018-12-14,67.05,72.73
2018-12-17,64.07,68.23
2018-12-18,63.68,65.99
2018-12-19,65.64,72.46
2018-12-20,64.1,70.46
2018-12-21,65.88,71.22
2018-12-24,65.24,70.76
2018-12-25,62.66,69.02
2018-12-26,67.26,72.94
2018-12-27,67.63,74.26
2018-12-28,64.02,68.76
2018-12-31,64.36,71.2
2019-01-01,65.87,71.56
2019-01-02,65.95,71.48
2019-01-03,66.44,70.07
2019-01-04,68.47,74.34
2019-01-07,65.19,69.32
2019-01-08,64.26,68.58
2019-01-09,63.39,67.43
2019-01-10,64.36,68.14
2019-01-11,65.41,73.42
2019-01-14,68.15,75.42
2019-01-15,64.69,72.35
2019-01-16,65.8,69.45
2019-01-17,65.44,70.77
2019-01-18,67.25,70.89
2019-01-21,69.26,73.84
2019-01-22,64.68,68.67
2019-01-23,64.74,71.52
2019-01-24,67.04,71.87
2019-01-25,66.5,73.24
2019-01-28,68.25,74.53
2019-01-29,66.36,74.73
2019-01-30,64.95,68.22
2019-01-31,66.37,73.35
2019-02-01,68.15,75.16
2019-02-04,67.72,71.82
2019-02-05,67.25,73.98
2019-02-06,68.09,73.99
2019-02-07,68.25,73.4
2019-02-08,68.57,72.93
2019-02-11,67.47,71.9
2019-02-12,66.25,74.27
2019-02-13,66.72,72.06
2019-02-14,68.31,74.84
2019-02-15,65.28,69.47
2019-02-18,67.06,71.38
2019-02-19,65.92,72.62
2019-02-20,66.56,70.09
2019-02-21,68.43,73.34
2019-02-22,66.8,72.19
2019-02-25,66.59,72.07
2019-02-26,64.48,69.41
2019-02-27,67.64,73.59
2019-02-28,67.49,73.82
2019-03-01,70.5,77.18
2019-03-04,66.8,70.83
2019-03-05,67.59,72.61
2019-03-06,67.64,74.67
2019-03-07,69.63,76.45
2019-03-08,67.12,70.65
2019-03-11,67.69,73.58
2019-03-12,68.18,70.94
2019-03-13,67.55,73.02
2019-03-14,66.6,74.46
2019-03-15,67.57,71.69
2019-03-18,68.89,73.25
2019-03-19,65.74,72.0
2019-03-20,67.48,70.8
2019-03-21,66.23,70.69
2019-03-22,69.08,75.43
2019-03-25,65.0,69.38
2019-03-26,66.45,71.45
2019-03-27,67.86,74.3
2019-03-28,69.64,75.8
2019-03-29,67.2,72.93
2019-04-01,66.73,71.62
2019-04-02,70.39,76.54
2019-04-03,65.4,70.47
2019-04-04,64.27,70.0
2019-04-05,68.23,73.01
2019-04-08,66.82,71.92
2019-04-09,66.04,70.02
2019-04-10,68.64,74.08
2019-04-11,67.94,72.27
2019-04-12,66.73,70.58
2019-04-15,65.66,71.25
2019-04-16,68.89,74.69
2019-04-17,68.56,75.12
2019-04-18,67.44,72.25
2019-04-19,70.36,76.56
2019-04-22,65.99,72.0
2019-04-23,65.31,71.12
2019-04-24,66.56,70.79
2019-04-25,67.53,73.13
2019-04-26,67.96,73.89
2019-04-29,67.24,72.63
2019-04-30,68.13,70.74
2019-05-01,65.46,70.91
2019-05-02,69.5,78.14
2019-05-03,67.22,72.11
2019-05-06,69.02,73.54
2019-05-07,67.86,73.8
2019-05-08,68.03,73.9
2019-05-09,68.2,75.28
2019-05-10,68.02,71.75
2019-05-13,68.32,74.78
2019-05-14,69.35,75.72
2019-05-15,67.65,72.87
2019-05-16,68.42,74.36
2019-05-17,67.22,73.98
2019-05-20,69.52,76.29
2019-05-21,66.35,70.14
2019-05-22,70.07,76.82
2019-05-23,67.31,72.61
2019-05-24,65.22,70.53
2019-05-27,67.56,73.06
2019-05-28,66.35,71.46
2019-05-29,68.63,75.76
2019-05-30,66.4,71.6
2019-05-31,66.71,70.55
2019-06-03,63.81,68.41
2019-06-04,65.97,71.48
2019-06-05,63.01,69.6
2019-06-06,64.28,70.2
2019-06-07,67.79,72.06
2019-06-10,67.83,76.63
2019-06-11,67.3,73.04
2019-06-12,65.21,72.09
2019-06-13,66.59,71.72
2019-06-14,66.66,72.7
2019-06-17,64.93,71.21
2019-06-18,68.92,76.11
2019-06-19,67.99,74.87
2019-06-20,66.34,72.8
2019-06-21,66.71,71.63
2019-06-24,66.99,71.58
2019-06-25,63.61,69.12
2019-06-26,66.31,72.85
2019-06-27,65.66,70.62
2019-06-28,65.18,71.78
2019-07-01,65.26,72.38
2019-07-02,68.38,72.6
2019-07-03,66.65,70.87
2019-07-04,64.83,69.83
2019-07-05,66.55,72.28
2019-07-08,67.79,72.5
2019-07-09,67.08,74.26
2019-07-10,65.79,71.61
2019-07-11,64.73,69.96
2019-07-12,66.75,70.17
2019-07-15,66.29,69.85
2019-07-16,67.05,72.79
2019-07-17,66.66,69.15
2019-07-18,67.28,74.03
2019-07-19,64.91,69.9
2019-07-22,67.69,77.5
2019-07-23,66.01,74.34
2019-07-24,68.83,74.09
2019-07-25,64.68,69.72
2019-07-26,68.32,75.15
2019-07-29,66.02,73.55
2019-07-30,64.75,67.81
2019-07-31,65.0,67.88
2019-08-01,64.25,68.59
2019-08-02,65.36,71.35
2019-08-05,65.51,71.4
2019-08-06,63.87,70.35
2019-08-07,64.7,68.32
2019-08-08,67.95,70.24
2019-08-09,67.33,73.87
2019-08-12,65.39,69.54
2019-08-13,64.8,67.37
2019-08-14,64.92,70.3
2019-08-15,65.67,71.97
2019-08-16,63.21,68.11
2019-08-19,64.36,68.92
2019-08-20,62.25,67.03
2019-08-21,65.35,70.09
2019-08-22,65.72,69.21
2019-08-23,64.03,68.24
2019-08-26,67.12,73.19
2019-08-27,62.92,68.36
2019-08-28,62.56,67.78
2019-08-29,65.1,69.01
2019-08-30,66.34,71.41
2019-09-02,66.56,68.99
2019-09-03,63.35,68.64
2019-09-04,65.66,72.79
2019-09-05,63.98,67.21
2019-09-06,63.78,68.13
2019-09-09,65.37,71.03
2019-09-10,65.02,71.85
2019-09-11,61.68,66.06
2019-09-12,66.26,70.64
2019-09-13,66.12,68.81
2019-09-16,63.12,68.3
2019-09-17,64.65,72.46
2019-09-18,64.8,70.34
2019-09-19,64.45,69.58
2019-09-20,63.24,68.71
2019-09-23,63.06,68.09
2019-09-24,64.03,68.11
2019-09-25,65.83,72.18
2019-09-26,64.88,70.36
2019-09-27,63.51,68.61
2019-09-30,65.23,69.18
2019-10-01,59.53,65.84
2019-10-02,65.53,71.64
2019-10-03,61.2,65.42
2019-10-04,63.27,69.6
2019-10-07,62.13,66.48
2019-10-08,61.87,65.85
2019-10-09,65.56,69.81
2019-10-10,63.12,65.93
2019-10-11,64.34,70.09
2019-10-14,63.75,66.52
2019-10-15,64.54,68.12
2019-10-16,63.94,66.4
2019-10-17,61.9,66.75
2019-10-18,65.32,70.35
2019-10-21,63.09,67.72
2019-10-22,61.5,65.14
2019-10-23,63.19,66.76
2019-10-24,66.09,71.99
2019-10-25,65.11,69.6
2019-10-28,63.32,68.79
2019-10-29,63.32,67.26
2019-10-30,63.36,68.66
2019-10-31,66.96,74.06
2019-11-01,64.69,70.62
2019-11-04,64.76,69.41
2019-11-05,65.67,71.26
2019-11-06,64.48,69.33
2019-11-07,63.74,68.85
2019-11-08,63.83,68.52
2019-11-11,64.02,68.93
2019-11-12,64.07,69.47
2019-11-13,65.22,69.14
2019-11-14,64.21,68.04
2019-11-15,65.23,68.64
2019-11-18,64.02,67.09
2019-11-19,64.26,67.84
2019-11-20,61.14,66.23
2019-11-21,65.52,69.59
2019-11-22,64.66,70.5
2019-11-25,65.64,70.94
2019-11-26,59.8,62.23
2019-11-27,67.28,73.54
2019-11-28,63.94,70.09
2019-11-29,65.82,69.78
2019-12-02,63.33,68.93
2019-12-03,65.81,69.95
2019-12-04,63.31,68.5
2019-12-05,63.96,67.46
2019-12-06,67.77,70.76
2019-12-09,64.61,69.28
2019-12-10,65.22,70.28
2019-12-11,66.21,70.98
2019-12-12,65.65,69.35
2019-12-13,65.13,69.82
2019-12-16,65.45,71.04
2019-12-17,68.51,73.93
2019-12-18,64.82,70.24
2019-12-19,65.21,69.55
2019-12-20,66.49,73.37
2019-12-23,66.57,70.33
2019-12-24,66.7,72.69
2019-12-25,65.88,72.71
2019-12-26,63.21,68.87
2019-12-27,67.37,72.49
2019-12-30,63.2,67.59
2019-12-31,65.38,71.97
2020-01-01,64.8,68.14
2020-01-02,65.83,69.82
2020-01-03,66.42,71.21
2020-01-06,66.42,73.38
2020-01-07,66.57,72.4
2020-01-08,68.36,72.51
2020-01-09,66.62,71.54
2020-01-10,65.57,70.01
2020-01-13,67.39,71.82
2020-01-14,67.73,74.47
2020-01-15,64.1,67.47
2020-01-16,66.84,74.34
2020-01-17,67.0,73.47
2020-01-20,65.51,72.18
2020-01-21,68.02,72.83
2020-01-22,65.73,70.79
2020-01-23,66.15,69.55
2020-01-24,65.7,70.27
2020-01-27,65.98,71.91
2020-01-28,64.32,71.13
2020-01-29,63.8,67.49
2020-01-30,68.36,73.33
2020-01-31,64.7,69.68
2020-02-03,64.48,67.84
2020-02-04,62.74,68.5
2020-02-05,65.02,69.28
2020-02-06,63.99,68.86
2020-02-07,68.44,73.3
2020-02-10,67.49,71.82
2020-02-11,64.95,70.14
2020-02-12,69.36,74.61
2020-02-13,67.46,72.36
2020-02-14,65.5,69.79
2020-02-17,62.24,67.62
2020-02-18,69.43,77.28
2020-02-19,63.91,69.2
2020-02-20,63.53,69.88
2020-02-21,67.53,71.05
2020-02-24,69.66,75.45
2020-02-25,68.08,72.03
2020-02-26,66.85,70.22
2020-02-27,66.9,71.26
2020-02-28,67.29,74.28
2020-03-02,77.02,84.65
2020-03-03,79.18,85.9
2020-03-04,77.83,81.67
2020-03-05,76.91,82.76
2020-03-06,73.66,80.0
2020-03-09,74.38,80.59
2020-03-10,71.77,74.87
2020-03-11,78.2,83.06
2020-03-12,75.54,81.49
2020-03-13,75.91,82.8
2020-03-16,74.4,77.08
2020-03-17,80.97,87.19
2020-03-18,79.57,86.16
2020-03-19,72.74,79.8
2020-03-20,73.46,80.35
2020-03-23,76.36,83.36
2020-03-24,74.08,78.82
2020-03-25,76.33,79.52
2020-03-26,77.03,82.59
2020-03-27,74.05,81.46
2020-03-30,77.26,85.59
2020-03-31,72.74,79.59
2020-04-01,77.02,83.84
2020-04-02,78.63,85.52
2020-04-03,76.03,81.27
2020-04-06,80.07,86.27
2020-04-07,77.63,86.43
2020-04-08,79.43,84.29
2020-04-09,79.17,88.06
2020-04-10,79.25,85.08
2020-04-13,79.07,87.49
2020-04-14,76.93,80.92
2020-04-15,77.45,84.55
2020-04-16,80.73,86.0
2020-04-17,80.04,84.18
2020-04-20,79.56,86.27
2020-04-21,76.93,84.64
2020-04-22,76.37,81.19
2020-04-23,77.03,80.88
2020-04-24,81.02,87.35
2020-04-27,75.58,81.49
2020-04-28,77.53,84.58
2020-04-29,76.11,83.64
2020-04-30,81.16,87.56
2020-05-01,74.15,82.83
2020-05-04,76.46,82.92
2020-05-05,73.58,78.96
2020-05-06,75.01,78.59
2020-05-07,73.34,78.82
2020-05-08,77.82,83.52
2020-05-11,72.82,80.04
2020-05-12,75.07,81.77
2020-05-13,75.55,79.81
2020-05-14,75.23,81.51
2020-05-15,74.33,81.27
2020-05-18,74.41,82.64
2020-05-19,74.68,81.98
2020-05-20,74.39,81.47
2020-05-21,76.06,82.24
2020-05-22,77.93,84.77
2020-05-25,73.78,81.53
2020-05-26,72.57,76.44
2020-05-27,74.49,79.93
2020-05-28,78.49,83.56
2020-05-29,73.42,79.85
2020-06-01,76.59,84.6
2020-06-02,76.65,81.87
2020-06-03,73.3,75.66
2020-06-04,74.99,80.37
2020-06-05,76.58,84.11
2020-06-08,73.57,80.25
2020-06-09,73.83,80.37
2020-06-10,73.27,78.72
2020-06-11,72.62,76.57
2020-06-12,73.17,79.78
2020-06-15,72.31,76.89
2020-06-16,74.2,83.38
2020-06-17,72.99,79.66
2020-06-18,74.5,79.59
2020-06-19,71.82,76.69
2020-06-22,74.65,80.48
2020-06-23,75.41,81.08
2020-06-24,71.17,78.45
2020-06-25,74.72,80.98
2020-06-26,76.0,80.97
2020-06-29,72.35,80.87
2020-06-30,76.68,82.89
2020-07-01,74.3,81.39
2020-07-02,72.61,77.54
2020-07-03,73.59,80.01
2020-07-06,74.51,80.93
2020-07-07,73.79,76.9
2020-07-08,74.49,83.45
2020-07-09,72.3,79.95
2020-07-10,73.94,79.27
2020-07-13,71.56,75.71
2020-07-14,73.52,79.91
2020-07-15,72.33,78.24
2020-07-16,72.59,78.91
2020-07-17,75.54,81.87
2020-07-20,75.33,82.12
2020-07-21,74.61,82.74
2020-07-22,72.06,78.64
2020-07-23,73.22,77.54
2020-07-24,75.52,83.62
2020-07-27,73.91,82.25
2020-07-28,77.18,88.22
2020-07-29,74.3,78.57
2020-07-30,74.0,80.28
2020-07-31,73.25,76.06
2020-08-03,73.41,80.09
2020-08-04,72.98,78.02
2020-08-05,74.28,83.08
2020-08-06,74.65,79.47
2020-08-07,72.04,75.37
2020-08-10,71.22,76.25
2020-08-11,70.47,73.32
2020-08-12,73.99,81.02
2020-08-13,71.57,74.34
2020-08-14,70.0,75.64
2020-08-17,73.81,76.65
2020-08-18,76.97,82.63
2020-08-19,73.22,81.48
2020-08-20,74.49,80.99
2020-08-21,73.36,77.96
2020-08-24,73.09,78.89
2020-08-25,74.62,80.62
2020-08-26,72.81,79.32
2020-08-27,73.65,77.53
2020-08-28,73.73,80.5
2020-08-31,72.25,74.12
2020-09-01,74.24,79.24
2020-09-02,72.49,77.58
2020-09-03,71.62,78.26
2020-09-04,73.56,79.48
2020-09-07,71.41,75.12
2020-09-08,72.8,77.19
2020-09-09,72.75,78.86
2020-09-10,74.39,80.22
2020-09-11,73.48,78.51
2020-09-14,72.73,77.85
2020-09-15,73.99,80.94
2020-09-16,74.86,80.07
2020-09-17,73.61,79.37
2020-09-18,72.79,81.77
2020-09-21,70.81,74.46
2020-09-22,71.18,74.24
2020-09-23,72.32,79.24
2020-09-24,71.87,76.64
2020-09-25,72.5,77.84
2020-09-28,72.87,77.56
2020-09-29,73.58,79.08
2020-09-30,72.68,80.82
2020-10-01,73.02,80.03
2020-10-02,72.39,79.43
2020-10-05,69.33,72.91
2020-10-06,70.89,74.93
2020-10-07,72.08,73.75
2020-10-08,70.48,74.98
2020-10-09,73.2,80.46
2020-10-12,74.6,81.34
2020-10-13,74.13,79.73
2020-10-14,71.99,77.72
2020-10-15,74.54,79.48
2020-10-16,72.53,78.63
2020-10-19,71.81,78.65
2020-10-20,71.39,74.79
2020-10-21,71.86,78.04
2020-10-22,71.74,78.82
2020-10-23,72.58,77.78
2020-10-26,72.56,79.38
2020-10-27,72.33,82.19
2020-10-28,72.98,78.67
2020-10-29,74.11,80.62
2020-10-30,73.75,78.56
2020-11-02,69.6,75.42
2020-11-03,68.0,74.07
2020-11-04,73.24,79.38
2020-11-05,69.79,73.95
2020-11-06,71.5,77.52
2020-11-09,70.08,77.74
2020-11-10,69.14,75.29
2020-11-11,72.66,79.87
2020-11-12,72.98,78.47
2020-11-13,70.98,77.72
2020-11-16,67.96,73.78
2020-11-17,71.03,75.36
2020-11-18,72.44,78.7
2020-11-19,69.64,73.83
2020-11-20,72.13,76.99
2020-11-23,71.84,77.86
2020-11-24,72.73,78.98
2020-11-25,72.04,76.09
2020-11-26,70.4,77.52
2020-11-27,73.66,80.4
2020-11-30,71.63,76.35
2020-12-01,71.33,74.84
2020-12-02,69.97,75.36
2020-12-03,70.71,75.74
2020-12-04,70.05,75.81
2020-12-07,71.12,76.29
2020-12-08,73.95,76.9
2020-12-09,69.32,74.33
2020-12-10,68.96,74.06
2020-12-11,73.59,80.41
2020-12-14,71.07,75.76
2020-12-15,70.38,78.37
2020-12-16,72.95,76.0
2020-12-17,70.48,77.97
2020-12-18,74.13,79.73
2020-12-21,72.41,79.45
2020-12-22,70.67,76.44
2020-12-23,74.64,82.31
2020-12-24,70.49,75.58
2020-12-25,72.52,76.73
2020-12-28,71.85,79.64
2020-12-29,73.36,79.06
2020-12-30,73.75,79.98
2020-12-31,71.46,78.94
2021-01-01,74.28,78.69
2021-01-04,76.1,83.09
2021-01-05,74.4,79.47
2021-01-06,78.44,84.51
2021-01-07,75.62,81.78
2021-01-08,74.87,78.61
2021-01-11,75.7,80.58
2021-01-12,73.4,81.26
2021-01-13,73.97,81.2
2021-01-14,77.23,83.31
2021-01-15,74.45,80.77
2021-01-18,73.86,79.33
2021-01-19,76.24,84.41
2021-01-20,77.21,83.08
2021-01-21,76.52,83.0
2021-01-22,76.93,84.85
2021-01-25,74.31,79.1
2021-01-26,73.31,81.46
2021-01-27,77.7,81.54
2021-01-28,74.96,83.4
2021-01-29,75.07,80.52
2021-02-01,78.44,84.33
2021-02-02,77.29,80.55
2021-02-03,77.14,82.61
2021-02-04,79.7,84.42
2021-02-05,75.49,80.61
2021-02-08,77.85,83.86
2021-02-09,76.55,84.14
2021-02-10,76.87,83.34
2021-02-11,78.76,85.55
2021-02-12,77.23,81.72
2021-02-15,77.28,82.1
2021-02-16,78.08,87.14
2021-02-17,75.93,80.89
2021-02-18,75.22,83.73
2021-02-19,74.91,80.54
2021-02-22,73.53,79.42
2021-02-23,79.56,87.63
2021-02-24,74.83,82.72
2021-02-25,76.15,82.07
2021-02-26,76.07,81.56
2021-03-01,77.68,83.81
2021-03-02,78.45,85.26
2021-03-03,78.51,86.19
2021-03-04,76.35,82.46
2021-03-05,76.98,84.09
2021-03-08,77.65,86.41
2021-03-09,76.86,83.59
2021-03-10,79.64,86.51
2021-03-11,77.97,81.84
2021-03-12,78.34,80.49
2021-03-15,78.23,85.1
2021-03-16,79.0,85.17
2021-03-17,77.51,82.91
2021-03-18,75.3,81.69
2021-03-19,77.85,83.98
2021-03-22,76.27,84.09
2021-03-23,76.46,82.71
2021-03-24,78.13,83.21
2021-03-25,79.11,87.01
2021-03-26,77.29,83.14
2021-03-29,77.72,84.76
2021-03-30,79.81,85.43
2021-03-31,77.62,82.82
2021-04-01,81.43,88.08
2021-04-02,78.38,84.67
2021-04-05,74.89,81.6
2021-04-06,78.67,84.54
2021-04-07,78.11,81.49
2021-04-08,79.47,85.14
2021-04-09,78.55,86.08
2021-04-12,77.34,83.07
2021-04-13,75.71,81.39
2021-04-14,77.23,84.93
2021-04-15,76.27,81.29
2021-04-16,76.68,80.45
2021-04-19,78.44,84.46
2021-04-20,80.06,85.69
2021-04-21,78.15,82.89
2021-04-22,75.76,81.56
2021-04-23,78.23,85.26
2021-04-26,79.36,85.69
2021-04-27,76.65,83.25
2021-04-28,77.36,86.35
2021-04-29,77.59,83.27
2021-04-30,76.39,82.93
2021-05-03,78.28,83.75
2021-05-04,77.12,81.98
2021-05-05,77.94,83.26
2021-05-06,75.98,81.33
2021-05-07,76.65,83.33
2021-05-10,78.4,88.36
2021-05-11,76.76,81.8
2021-05-12,79.91,85.64
2021-05-13,76.72,82.76
2021-05-14,77.66,84.49
2021-05-17,78.72,85.43
2021-05-18,75.2,83.15
2021-05-19,74.68,77.03
2021-05-20,75.04,77.46
2021-05-21,79.22,84.77
2021-05-24,76.5,84.3
2021-05-25,81.17,85.12
2021-05-26,76.49,78.01
2021-05-27,77.61,84.71
2021-05-28,79.65,86.41
2021-05-31,80.35,85.03
2021-06-01,79.7,84.51
2021-06-02,78.42,83.17
2021-06-03,78.15,84.57
2021-06-04,77.5,82.73
2021-06-07,77.78,84.77
2021-06-08,75.79,77.53
2021-06-09,75.39,80.13
2021-06-10,76.62,81.02
2021-06-11,76.37,82.09
2021-06-14,75.95,81.21
2021-06-15,77.67,85.12
2021-06-16,78.06,81.4
2021-06-17,76.76,82.97
2021-06-18,78.85,86.04
2021-06-21,74.92,83.7
2021-06-22,76.35,81.72
2021-06-23,75.56,82.1
2021-06-24,73.84,77.08
2021-06-25,76.52,78.98
2021-06-28,76.46,83.87
2021-06-29,78.92,85.22
2021-06-30,77.6,85.64
2021-07-01,74.11,78.0
2021-07-02,78.43,85.52
2021-07-05,77.49,86.59
2021-07-06,76.53,83.29
2021-07-07,75.32,81.76
2021-07-08,74.22,80.17
2021-07-09,75.1,78.75
2021-07-12,77.3,85.58
2021-07-13,78.49,83.81
2021-07-14,77.98,85.01
2021-07-15,74.94,78.59
2021-07-16,73.99,78.16
2021-07-19,75.88,84.13
2021-07-20,73.02,78.35
2021-07-21,76.16,84.47
2021-07-22,75.46,81.38
2021-07-23,74.98,78.22
2021-07-26,73.29,80.46
2021-07-27,76.45,81.66
2021-07-28,74.89,81.93
2021-07-29,73.93,79.88
2021-07-30,71.38,74.89
2021-08-02,74.65,80.87
2021-08-03,77.35,86.94
2021-08-04,77.19,84.13
2021-08-05,74.01,79.85
2021-08-06,73.8,81.29
2021-08-09,75.4,81.75
2021-08-10,73.2,79.36
2021-08-11,75.16,79.53
2021-08-12,75.86,82.28
2021-08-13,76.55,84.26
2021-08-16,74.56,79.28
2021-08-17,74.41,82.48
2021-08-18,73.4,79.14
2021-08-19,73.48,78.05
2021-08-20,74.38,81.81
2021-08-23,75.27,80.86
2021-08-24,76.09,83.33
2021-08-25,73.52,78.97
2021-08-26,76.96,83.02
2021-08-27,74.32,81.0
2021-08-30,74.7,81.11
2021-08-31,73.61,76.56
2021-09-01,70.36,74.41
2021-09-02,75.33,82.76
2021-09-03,75.11,80.92
2021-09-06,73.58,78.7
2021-09-07,74.11,78.03
2021-09-08,74.78,79.15
2021-09-09,71.67,74.51
2021-09-10,73.22,78.93
2021-09-13,75.21,80.33
2021-09-14,72.14,76.52
2021-09-15,74.46,80.32
2021-09-16,71.99,78.27
2021-09-17,74.72,83.83
2021-09-20,73.97,77.65
2021-09-21,71.6,78.99
2021-09-22,75.77,83.31
2021-09-23,72.93,77.63
2021-09-24,72.82,78.94
2021-09-27,74.33,79.6
2021-09-28,75.76,82.1
2021-09-29,72.51,80.5
2021-09-30,74.13,80.96
2021-10-01,74.42,81.13
2021-10-04,74.81,80.15
2021-10-05,74.04,77.77
2021-10-06,73.23,78.78
2021-10-07,72.54,80.09
2021-10-08,73.91,77.57
2021-10-11,72.18,76.43
2021-10-12,69.4,75.13
2021-10-13,74.44,78.93
2021-10-14,75.15,79.97
2021-10-15,70.25,75.27
2021-10-18,72.28,76.09
2021-10-19,74.72,79.24
2021-10-20,76.88,84.11
2021-10-21,73.83,77.81
2021-10-22,72.71,76.2
2021-10-25,73.53,78.49
2021-10-26,75.87,83.05
2021-10-27,72.84,78.38
2021-10-28,72.61,77.74
2021-10-29,73.09,79.0
2021-11-01,72.65,75.93
2021-11-02,74.27,80.95
2021-11-03,76.52,83.23
2021-11-04,74.57,79.93
2021-11-05,73.71,81.09
2021-11-08,73.65,77.88
2021-11-09,71.75,79.11
2021-11-10,75.42,81.69
2021-11-11,73.98,79.4
2021-11-12,73.83,79.71
2021-11-15,78.89,85.03
2021-11-16,74.55,82.33
2021-11-17,72.97,77.24
2021-11-18,73.46,78.22
2021-11-19,75.83,83.47
2021-11-22,74.28,79.34
2021-11-23,71.95,79.0
2021-11-24,75.49,84.1
2021-11-25,73.11,78.37
2021-11-26,76.92,84.12
2021-11-29,75.74,80.05
2021-11-30,73.45,80.43
2021-12-01,76.77,83.22
2021-12-02,74.96,81.67
2021-12-03,76.13,81.24
2021-12-06,75.58,79.12
2021-12-07,73.59,80.22
2021-12-08,73.9,76.76
2021-12-09,76.41,82.04
2021-12-10,74.36,81.71
2021-12-13,74.26,80.49
2021-12-14,73.44,82.18
2021-12-15,75.51,83.1
2021-12-16,77.97,83.19
2021-12-17,73.27,79.17
2021-12-20,74.91,80.83
2021-12-21,77.0,80.72
2021-12-22,74.76,79.33
2021-12-23,75.56,80.76
2021-12-24,73.29,76.17
2021-12-27,75.53,81.64
2021-12-28,74.61,80.21
2021-12-29,76.37,79.92
2021-12-30,76.67,83.42
2021-12-31,78.78,86.21
2022-01-03,79.76,86.5
2022-01-04,79.39,85.23
2022-01-05,79.19,86.46
2022-01-06,78.37,85.71
2022-01-07,79.41,86.25
2022-01-10,78.46,83.44
2022-01-11,79.16,85.93
2022-01-12,80.88,89.28
2022-01-13,77.4,82.67
2022-01-14,80.62,90.45
2022-01-17,80.89,86.51
2022-01-18,78.74,85.09
2022-01-19,75.73,80.77
2022-01-20,78.01,84.6
2022-01-21,80.87,84.52
2022-01-24,78.89,84.34
2022-01-25,77.43,81.93
2022-01-26,78.17,84.64
2022-01-27,80.19,88.2
2022-01-28,79.75,87.16
2022-01-31,78.57,81.13
2022-02-01,84.97,95.24
2022-02-02,88.97,96.61
2022-02-03,84.67,90.13
2022-02-04,90.56,98.09
2022-02-07,87.92,95.26
2022-02-08,86.62,92.39
2022-02-09,94.92,102.89
2022-02-10,92.2,98.46
2022-02-11,91.7,98.29
2022-02-14,92.5,98.63
2022-02-15,88.89,93.45
2022-02-16,90.82,98.35
2022-02-17,84.33,92.06
2022-02-18,83.15,90.66
2022-02-21,85.19,93.4
2022-02-22,85.52,92.92
2022-02-23,87.15,93.19
2022-02-24,86.1,94.43
2022-02-25,90.87,95.67
2022-02-28,87.42,92.84
2022-03-01,111.47,118.24
2022-03-02,117.42,129.35
2022-03-03,108.07,118.75
2022-03-04,120.2,130.99
2022-03-07,112.0,123.36
2022-03-08,121.28,128.85
2022-03-09,118.55,128.86
2022-03-10,111.73,120.39
2022-03-11,108.34,118.84
2022-03-14,120.74,130.12
2022-03-15,119.33,127.96
2022-03-16,119.88,130.77
2022-03-17,121.23,133.05
2022-03-18,109.72,117.03
2022-03-21,113.01,121.91
2022-03-22,110.75,117.27
2022-03-23,123.8,127.52
2022-03-24,117.15,126.99
2022-03-25,111.51,121.79
2022-03-28,110.62,120.05
2022-03-29,112.49,117.1
2022-03-30,109.63,117.63
2022-03-31,120.23,124.51
2022-04-01,101.77,112.7
2022-04-04,106.19,112.38
2022-04-05,100.6,111.17
2022-04-06,95.1,104.51
2022-04-07,104.78,111.28
2022-04-08,103.78,109.73
2022-04-11,102.21,111.1
2022-04-12,104.2,110.78
2022-04-13,101.54,109.87
2022-04-14,101.79,108.95
2022-04-15,98.04,102.39
2022-04-18,95.04,98.4
2022-04-19,93.85,101.78
2022-04-20,94.72,101.23
2022-04-21,103.14,110.25
2022-04-22,100.51,109.95
2022-04-25,100.34,110.72
2022-04-26,106.13,114.04
2022-04-27,96.76,103.84
2022-04-28,98.75,107.64
2022-04-29,105.58,111.16
2022-05-02,84.13,91.24
2022-05-03,84.97,92.71
2022-05-04,84.95,92.9
2022-05-05,87.98,91.61
2022-05-06,89.13,94.9
2022-05-09,86.4,91.79
2022-05-10,86.31,93.39
2022-05-11,86.67,94.44
2022-05-12,88.31,98.02
2022-05-13,85.18,91.15
2022-05-16,86.93,93.02
2022-05-17,88.03,97.1
2022-05-18,87.33,94.83
2022-05-19,86.86,96.01
2022-05-20,88.08,95.64
2022-05-23,82.52,87.21
2022-05-24,87.6,92.27
2022-05-25,85.6,89.79
2022-05-26,83.84,91.66
2022-05-27,87.35,96.41
2022-05-30,88.65,99.02
2022-05-31,86.38,94.75
2022-06-01,86.52,95.45
2022-06-02,87.51,93.5
2022-06-03,87.07,92.02
2022-06-06,87.56,96.05
2022-06-07,86.21,93.83
2022-06-08,85.21,92.21
2022-06-09,82.7,89.96
2022-06-10,84.74,92.07
2022-06-13,83.84,92.7
2022-06-14,88.37,97.73
2022-06-15,84.85,92.56
2022-06-16,85.3,93.57
2022-06-17,85.94,93.7
2022-06-20,85.18,91.21
2022-06-21,87.66,96.0
2022-06-22,84.19,88.58
2022-06-23,85.41,94.04
2022-06-24,84.01,88.72
2022-06-27,83.15,90.28
2022-06-28,84.21,89.52
2022-06-29,85.07,92.82
2022-06-30,84.49,91.19
2022-07-01,82.59,86.56
2022-07-04,81.53,88.74
2022-07-05,83.51,89.23
2022-07-06,81.38,89.32
2022-07-07,84.78,91.56
2022-07-08,83.77,91.13
2022-07-11,81.46,86.42
2022-07-12,83.18,88.85
2022-07-13,82.52,88.36
2022-07-14,84.13,92.3
2022-07-15,85.66,95.39
2022-07-18,80.84,86.01
2022-07-19,83.83,92.34
2022-07-20,83.42,86.47
2022-07-21,84.67,89.42
2022-07-22,83.98,89.09
2022-07-25,82.53,86.9
2022-07-26,83.19,87.21
2022-07-27,82.47,89.75
2022-07-28,85.28,91.74
2022-07-29,83.7,91.03
2022-08-01,85.02,93.0
2022-08-02,82.08,89.08
2022-08-03,81.11,88.67
2022-08-04,79.91,86.19
2022-08-05,79.47,83.94
2022-08-08,79.8,87.87
2022-08-09,82.58,88.21
2022-08-10,82.95,88.03
2022-08-11,79.81,85.91
2022-08-12,83.53,88.69
2022-08-15,81.47,87.31
2022-08-16,82.41,89.57
2022-08-17,84.61,91.97
2022-08-18,83.54,88.72
2022-08-19,81.79,87.54
2022-08-22,80.86,89.07
2022-08-23,78.97,86.07
2022-08-24,81.12,90.98
2022-08-25,81.89,90.37
2022-08-26,80.73,89.04
2022-08-29,82.01,86.29
2022-08-30,82.33,90.17
2022-08-31,81.88,88.34
2022-09-01,79.74,85.24
2022-09-02,80.97,87.72
2022-09-05,81.38,89.43
2022-09-06,79.08,86.2
2022-09-07,82.84,88.01
2022-09-08,80.58,88.22
2022-09-09,80.75,86.18
2022-09-12,81.79,88.69
2022-09-13,81.08,87.07
2022-09-14,82.16,88.37
2022-09-15,81.16,88.9
2022-09-16,79.82,84.55
2022-09-19,81.28,90.94
2022-09-20,79.02,82.46
2022-09-21,80.9,86.4
2022-09-22,80.69,87.74
2022-09-23,80.43,87.8
2022-09-26,80.55,86.83
2022-09-27,77.92,84.06
2022-09-28,79.93,86.98
2022-09-29,80.89,86.99
2022-09-30,80.99,89.73
2022-10-03,77.71,85.23
2022-10-04,81.16,89.07
2022-10-05,77.96,82.69
2022-10-06,80.71,87.04
2022-10-07,79.9,85.81
2022-10-10,78.29,82.98
2022-10-11,81.93,89.07
2022-10-12,77.48,82.85
2022-10-13,80.65,88.16
2022-10-14,80.77,85.5
2022-10-17,78.27,87.22
2022-10-18,81.36,86.41
2022-10-19,78.9,85.56
2022-10-20,79.71,87.35
2022-10-21,79.67,85.13
2022-10-24,79.08,86.75
2022-10-25,80.5,84.96
2022-10-26,80.48,89.26
2022-10-27,76.67,82.83
2022-10-28,81.25,86.78
2022-10-31,76.8,82.48
2022-11-01,79.34,86.97
2022-11-02,79.49,84.92
2022-11-03,76.16,81.11
2022-11-04,77.18,83.01
2022-11-07,76.14,80.44
2022-11-08,77.48,86.5
2022-11-09,77.34,82.65
2022-11-10,78.98,86.61
2022-11-11,79.77,86.49
2022-11-14,79.9,84.72
2022-11-15,76.97,83.12
2022-11-16,77.5,84.92
2022-11-17,75.29,81.03
2022-11-18,76.61,84.57
2022-11-21,79.27,87.23
2022-11-22,80.25,88.14
2022-11-23,75.97,81.35
2022-11-24,76.94,81.43
2022-11-25,77.79,83.06
2022-11-28,78.25,84.82
2022-11-29,76.62,83.59
2022-11-30,78.47,81.34
2022-12-01,75.62,81.66
2022-12-02,76.31,82.66
2022-12-05,77.16,82.9
2022-12-06,76.35,84.43
2022-12-07,75.69,82.38
2022-12-08,76.18,84.27
2022-12-09,76.21,81.98
2022-12-12,75.79,83.27
2022-12-13,75.96,84.52
2022-12-14,78.75,87.12
2022-12-15,77.19,81.68
2022-12-16,75.91,81.6
2022-12-19,77.4,83.06
2022-12-20,75.86,82.67
2022-12-21,78.12,85.44
2022-12-22,76.92,81.78
2022-12-23,76.2,82.4
2022-12-26,77.04,80.09
2022-12-27,74.01,82.07
2022-12-28,74.68,79.89
2022-12-29,74.58,80.63
2022-12-30,76.59,82.24
2023-01-02,90.97,100.33
2023-01-03,91.72,93.85
2023-01-04,89.34,96.46
2023-01-05,89.13,96.07
2023-01-06,85.68,91.76
2023-01-09,87.57,97.6
2023-01-10,87.2,92.63
2023-01-11,87.46,95.81
2023-01-12,88.14,95.82
2023-01-13,87.68,96.91
2023-01-16,85.42,91.11
2023-01-17,89.52,95.37
2023-01-18,86.79,95.64
2023-01-19,88.76,96.62
2023-01-20,91.51,96.0
2023-01-23,87.02,93.04
2023-01-24,84.61,92.03
2023-01-25,87.98,96.49
2023-01-26,90.06,96.04
2023-01-27,91.35,93.33
2023-01-30,86.57,94.4
2023-01-31,89.16,94.12
2023-02-01,91.72,95.36
2023-02-02,92.26,94.41
2023-02-03,96.39,105.67
2023-02-06,90.17,97.62
2023-02-07,92.8,99.81
2023-02-08,93.13,103.17
2023-02-09,94.06,102.78
2023-02-10,92.58,102.98
2023-02-13,92.89,97.73
2023-02-14,91.85,99.13
2023-02-15,92.84,97.27
2023-02-16,91.92,98.85
2023-02-17,93.37,100.38
2023-02-20,91.89,100.39
2023-02-21,93.01,100.54
2023-02-22,92.4,100.94
2023-02-23,94.13,102.98
2023-02-24,92.37,103.74
2023-02-27,89.79,96.41
2023-02-28,94.34,100.11
2023-03-01,94.02,102.0
2023-03-02,94.4,100.44
2023-03-03,94.49,104.85
2023-03-06,97.45,104.69
2023-03-07,92.18,98.51
2023-03-08,100.1,107.16
2023-03-09,96.98,106.13
2023-03-10,95.73,103.09
2023-03-13,95.31,101.71
2023-03-14,95.83,106.69
2023-03-15,96.18,102.23
2023-03-16,96.37,104.15
2023-03-17,96.24,105.19
2023-03-20,95.54,100.07
2023-03-21,95.11,103.63
2023-03-22,95.18,100.79
2023-03-23,95.12,104.29
2023-03-24,97.11,103.01
2023-03-27,96.3,105.34
2023-03-28,91.01,100.3
2023-03-29,96.4,105.77
2023-03-30,95.71,103.85
2023-03-31,95.39,102.58
2023-04-03,95.91,102.48
2023-04-04,98.18,108.92
2023-04-05,97.92,104.38
2023-04-06,95.34,100.99
2023-04-07,97.11,106.17
2023-04-10,95.05,101.14
2023-04-11,94.44,100.2
2023-04-12,95.57,100.46
2023-04-13,97.8,104.68
2023-04-14,97.94,105.61
2023-04-17,97.28,105.54
2023-04-18,97.6,107.26
2023-04-19,97.29,106.1
2023-04-20,95.56,102.84
2023-04-21,97.17,104.56
2023-04-24,97.72,106.53
2023-04-25,97.66,107.96
2023-04-26,98.31,106.42
2023-04-27,97.59,104.48
2023-04-28,97.06,102.9
2023-05-01,97.07,102.03
2023-05-02,95.42,104.33
2023-05-03,94.14,102.76
2023-05-04,95.22,103.94
2023-05-05,94.35,101.66
2023-05-08,94.46,104.67
2023-05-09,95.25,101.95
2023-05-10,94.28,103.62
2023-05-11,95.01,102.54
2023-05-12,92.64,98.92
2023-05-15,95.8,104.6
2023-05-16,95.48,103.9
2023-05-17,94.26,102.47
2023-05-18,96.47,104.34
2023-05-19,96.89,104.57
2023-05-22,93.08,104.97
2023-05-23,94.35,104.13
2023-05-24,94.34,103.25
2023-05-25,94.08,101.82
2023-05-26,96.74,106.43
2023-05-29,95.21,103.81
2023-05-30,95.1,102.76
2023-05-31,92.5,99.34
2023-06-01,93.53,100.86
2023-06-02,90.72,92.23
2023-06-05,92.67,100.47
2023-06-06,93.0,99.53
2023-06-07,94.62,105.2
2023-06-08,90.62,97.9
2023-06-09,88.06,93.01
2023-06-12,92.86,100.2
2023-06-13,95.29,100.92
2023-06-14,94.45,102.9
2023-06-15,92.91,100.88
2023-06-16,91.86,100.97
2023-06-19,93.81,99.83
2023-06-20,91.14,98.49
2023-06-21,93.32,98.24
2023-06-22,93.36,102.14
2023-06-23,94.19,102.7
2023-06-26,96.75,105.45
2023-06-27,93.2,100.66
2023-06-28,91.85,99.96
2023-06-29,92.57,102.95
2023-06-30,89.96,96.64
2023-07-03,87.57,94.82
2023-07-04,88.0,93.13
2023-07-05,87.83,93.33
2023-07-06,88.85,96.13
2023-07-07,87.39,96.31
2023-07-10,90.31,97.07
2023-07-11,88.63,95.3
2023-07-12,88.61,94.98
2023-07-13,88.14,94.25
2023-07-14,88.86,96.49
2023-07-17,89.87,94.37
2023-07-18,87.34,96.56
2023-07-19,87.65,93.5
2023-07-20,88.18,96.51
2023-07-21,86.62,91.35
2023-07-24,87.41,95.57
2023-07-25,87.93,96.15
2023-07-26,89.96,97.85
2023-07-27,89.04,94.39
2023-07-28,88.94,96.5
2023-07-31,89.93,95.0
2023-08-01,84.45,90.78
2023-08-02,85.24,93.81
2023-08-03,84.5,92.61
2023-08-04,85.06,91.89
2023-08-07,83.79,88.86
2023-08-08,81.01,88.54
2023-08-09,84.46,91.25
2023-08-10,86.8,89.72
2023-08-11,86.06,94.29
2023-08-14,86.12,92.97
2023-08-15,86.53,95.53
2023-08-16,84.81,89.74
2023-08-17,84.97,86.37
2023-08-18,83.75,90.92
2023-08-21,84.21,91.44
2023-08-22,85.61,89.56
2023-08-23,86.49,91.72
2023-08-24,84.48,95.89
2023-08-25,84.01,90.22
2023-08-28,84.69,92.7
2023-08-29,85.59,91.32
2023-08-30,82.53,85.68
2023-08-31,81.25,87.47
2023-09-01,80.94,86.99
2023-09-04,79.94,85.7
2023-09-05,81.01,87.31
2023-09-06,81.55,88.51
2023-09-07,81.1,87.34
2023-09-08,83.96,88.55
2023-09-11,82.27,89.65
2023-09-12,82.23,85.6
2023-09-13,82.72,85.95
2023-09-14,80.08,87.67
2023-09-15,83.35,90.86
2023-09-18,81.68,88.12
2023-09-19,82.8,87.11
2023-09-20,80.18,85.46
2023-09-21,79.46,85.4
2023-09-22,83.02,87.01
2023-09-25,82.36,87.73
2023-09-26,80.45,87.94
2023-09-27,80.5,89.24
2023-09-28,83.49,89.47
2023-09-29,80.02,87.63
2023-10-02,83.2,86.67
2023-10-03,79.39,86.79
2023-10-04,81.7,86.92
2023-10-05,80.25,87.16
2023-10-06,81.65,87.78
2023-10-09,79.93,88.44
2023-10-10,80.5,85.53
2023-10-11,80.81,88.29
2023-10-12,79.25,85.15
2023-10-13,81.86,88.15
2023-10-16,79.98,86.08
2023-10-17,80.41,85.48
2023-10-18,79.27,85.59
2023-10-19,76.92,82.98
2023-10-20,80.48,87.31
2023-10-23,84.38,91.27
2023-10-24,81.94,89.8
2023-10-25,80.74,88.69
2023-10-26,80.37,85.11
2023-10-27,80.8,88.67
2023-10-30,81.59,86.18
2023-10-31,79.0,86.25
2023-11-01,83.52,91.24
2023-11-02,82.92,86.38
2023-11-03,82.93,89.72
2023-11-06,82.51,88.34
2023-11-07,81.88,87.19
2023-11-08,82.87,91.74
2023-11-09,82.75,88.29
2023-11-10,81.33,86.52
2023-11-13,81.0,87.6
2023-11-14,82.02,89.71
2023-11-15,84.19,90.69
2023-11-16,80.01,88.28
2023-11-17,79.67,86.89
2023-11-20,82.12,85.11
2023-11-21,81.95,87.64
2023-11-22,82.14,87.79
2023-11-23,82.24,89.61
2023-11-24,81.54,83.78
2023-11-27,84.12,95.14
2023-11-28,79.48,86.68
2023-11-29,80.64,87.33
2023-11-30,81.73,90.2
2023-12-01,82.35,92.8
2023-12-04,84.56,92.8
2023-12-05,87.31,95.95
2023-12-06,84.85,91.86
2023-12-07,85.17,91.74
2023-12-08,82.94,88.79
2023-12-11,83.9,89.23
2023-12-12,84.27,89.85
2023-12-13,84.36,88.83
2023-12-14,86.76,93.57
2023-12-15,85.67,89.64
2023-12-18,83.17,90.14
2023-12-19,85.21,91.96
2023-12-20,85.59,92.69
2023-12-21,86.55,92.57
2023-12-22,87.22,99.56
2023-12-25,83.32,92.25
2023-12-26,83.63,88.24
2023-12-27,82.96,89.98
2023-12-28,84.5,90.23
2023-12-29,85.55,90.66
2024-01-01,97.34,102.52
2024-01-02,95.74,104.23
2024-01-03,95.38,101.71
2024-01-04,96.09,105.64
2024-01-05,94.61,104.06
2024-01-08,99.0,109.64
2024-01-09,93.46,99.34
2024-01-10,96.15,104.76
2024-01-11,98.91,108.07
2024-01-12,95.88,102.64
2024-01-15,95.59,101.76
2024-01-16,95.34,106.04
2024-01-17,95.61,103.69
2024-01-18,97.94,107.02
2024-01-19,92.56,98.44
2024-01-22,98.18,103.64
2024-01-23,93.75,100.18
2024-01-24,95.49,102.89
2024-01-25,95.25,100.84
2024-01-26,96.77,104.49
2024-01-29,93.5,97.82
2024-01-30,96.59,102.15
2024-01-31,98.93,108.17
2024-02-01,95.35,104.13
2024-02-02,97.68,104.73
2024-02-05,96.41,102.16
2024-02-06,98.04,103.87
2024-02-07,97.43,104.5
2024-02-08,96.45,105.41
2024-02-09,98.14,107.81
2024-02-12,100.12,107.14
2024-02-13,97.13,102.66
2024-02-14,98.49,106.9
2024-02-15,95.48,101.55
2024-02-16,95.98,102.66
2024-02-19,98.13,108.58
2024-02-20,99.65,109.27
2024-02-21,97.96,106.11
2024-02-22,96.96,102.25
2024-02-23,97.43,105.64
2024-02-26,95.55,105.22
2024-02-27,98.34,105.47
2024-02-28,98.76,109.33
2024-02-29,96.76,107.0
2024-03-01,97.83,108.91
2024-03-04,98.94,107.46
2024-03-05,97.88,106.86
2024-03-06,98.44,109.1
2024-03-07,101.69,110.74
2024-03-08,98.17,105.04
2024-03-11,98.01,104.97
2024-03-12,97.58,105.85
2024-03-13,99.67,105.07
2024-03-14,98.28,105.86
2024-03-15,97.58,107.53
2024-03-18,100.54,104.18
2024-03-19,100.69,111.84
2024-03-20,97.66,107.67
2024-03-21,95.76,102.54
2024-03-22,100.07,109.16
2024-03-25,97.54,105.35
2024-03-26,99.75,110.18
2024-03-27,95.61,105.14
2024-03-28,99.91,105.11
2024-03-29,96.76,105.64
2024-04-01,100.07,107.66
2024-04-02,99.0,107.08
2024-04-03,97.55,103.93
2024-04-04,98.37,109.68
2024-04-05,100.01,110.09
2024-04-08,99.14,105.6
2024-04-09,99.86,105.18
2024-04-10,101.95,109.32
2024-04-11,96.64,105.21
2024-04-12,101.42,110.02
2024-04-15,99.15,109.57
2024-04-16,97.65,107.0
2024-04-17,97.0,106.64
2024-04-18,98.72,107.26
2024-04-19,100.38,105.62
2024-04-22,98.81,106.33
2024-04-23,101.27,111.52
2024-04-24,96.83,104.48
2024-04-25,98.99,107.91
2024-04-26,97.13,104.28
2024-04-29,99.56,105.47
2024-04-30,100.35,108.13
2024-05-01,97.98,106.42
2024-05-02,94.71,101.04
2024-05-03,98.92,106.37
2024-05-06,99.28,105.36
2024-05-07,99.23,109.39
2024-05-08,100.48,107.93
2024-05-09,97.02,107.6
2024-05-10,99.65,110.67
2024-05-13,100.42,108.29
2024-05-14,95.96,101.7
2024-05-15,99.11,102.9
2024-05-16,97.88,102.83
2024-05-17,98.51,103.68
2024-05-20,99.16,109.83
2024-05-21,97.91,105.97
2024-05-22,97.63,106.2
2024-05-23,98.7,102.21
2024-05-24,97.02,102.46
2024-05-27,97.02,106.5
2024-05-28,99.67,108.22
2024-05-29,96.93,104.4
2024-05-30,99.65,108.75
2024-05-31,99.35,110.55
2024-06-03,94.97,102.15
2024-06-04,96.54,104.4
2024-06-05,99.35,107.68
2024-06-06,96.09,108.37
2024-06-07,96.87,100.55
2024-06-10,98.26,107.46
2024-06-11,98.75,106.42
2024-06-12,97.19,106.07
2024-06-13,96.68,103.14
2024-06-14,99.71,107.59
2024-06-17,100.19,109.63
2024-06-18,99.05,113.14
2024-06-19,97.71,107.11
2024-06-20,96.37,102.45
2024-06-21,96.34,103.23
2024-06-24,98.37,105.35
2024-06-25,98.22,102.55
2024-06-26,99.69,107.01
2024-06-27,98.57,107.9
2024-06-28,95.34,100.54
2024-07-01,97.67,107.53
2024-07-02,94.6,103.09
2024-07-03,95.52,101.76
2024-07-04,96.48,103.93
2024-07-05,99.1,110.2
2024-07-08,100.77,110.31
2024-07-09,97.02,104.8
2024-07-10,95.83,103.04
2024-07-11,96.91,104.81
2024-07-12,97.44,104.24
2024-07-15,95.63,99.25
2024-07-16,98.81,110.75
2024-07-17,96.46,104.48
2024-07-18,96.87,105.39
2024-07-19,97.12,104.78
2024-07-22,96.76,103.08
2024-07-23,97.38,104.81
2024-07-24,95.2,99.77
2024-07-25,95.29,107.25
2024-07-26,94.48,99.71
2024-07-29,96.79,102.54
2024-07-30,97.3,104.23
2024-07-31,96.82,107.06
2024-08-01,97.15,104.95
2024-08-02,94.63,99.86
2024-08-05,95.65,105.7
2024-08-06,93.01,101.81
2024-08-07,94.07,102.61
2024-08-08,95.69,104.71
2024-08-09,95.92,108.19
2024-08-12,94.21,105.86
2024-08-13,94.55,100.82
2024-08-14,92.38,102.77
2024-08-15,94.12,102.37
2024-08-16,95.99,104.63
2024-08-19,95.52,99.93
2024-08-20,95.41,102.72
2024-08-21,94.74,100.78
2024-08-22,94.68,103.82
2024-08-23,93.68,103.18
2024-08-26,95.72,99.41
2024-08-27,95.3,102.88
2024-08-28,95.41,105.18
2024-08-29,93.89,101.05
2024-08-30,91.45,100.1
2024-09-02,95.23,103.52
2024-09-03,92.86,100.92
2024-09-04,92.29,99.17
2024-09-05,94.63,99.9
2024-09-06,93.0,98.35
2024-09-09,95.18,104.14
2024-09-10,94.52,102.12
2024-09-11,94.62,101.93
2024-09-12,91.55,98.1
2024-09-13,95.42,102.47
2024-09-16,93.99,103.48
2024-09-17,93.05,99.87
2024-09-18,93.82,98.81
2024-09-19,90.94,99.57
2024-09-20,94.22,101.37
2024-09-23,92.06,99.48
2024-09-24,91.58,101.85
2024-09-25,91.33,98.6
2024-09-26,95.28,103.45
2024-09-27,92.67,97.9
2024-09-30,95.92,103.17
2024-10-01,92.41,100.93
2024-10-02,90.66,95.09
2024-10-03,91.55,99.24
2024-10-04,95.08,102.88
2024-10-07,92.99,100.51
2024-10-08,92.4,101.71
2024-10-09,93.47,101.57
2024-10-10,93.98,104.28
2024-10-11,94.91,100.62
2024-10-14,95.41,103.3
2024-10-15,92.7,100.27
2024-10-16,91.25,96.6
2024-10-17,92.62,101.8
2024-10-18,93.63,105.47
2024-10-21,91.8,99.11
2024-10-22,91.81,100.08
2024-10-23,93.76,101.42
2024-10-24,93.18,99.3
2024-10-25,93.3,97.37
2024-10-28,92.12,98.19
2024-10-29,92.91,97.76
2024-10-30,91.87,102.35
2024-10-31,94.59,101.94
2024-11-01,95.22,102.18
2024-11-04,90.9,99.79
2024-11-05,92.27,97.58
2024-11-06,91.42,97.33
2024-11-07,92.69,100.23
2024-11-08,93.55,102.96
2024-11-11,91.5,99.74
2024-11-12,92.29,100.13
2024-11-13,92.17,99.69
2024-11-14,93.99,102.26
2024-11-15,93.79,101.67
2024-11-18,92.6,98.1
2024-11-19,93.95,101.55
2024-11-20,92.87,98.31
2024-11-21,93.28,100.89
2024-11-22,96.2,102.97
2024-11-25,95.7,108.22
2024-11-26,91.74,99.01
2024-11-27,94.94,99.87
2024-11-28,94.91,102.25
2024-11-29,91.98,100.29
2024-12-02,96.03,106.93
2024-12-03,97.11,103.73
2024-12-04,93.12,97.62
2024-12-05,93.43,102.43
2024-12-06,96.33,101.38
2024-12-09,95.22,102.01
2024-12-10,95.64,102.8
2024-12-11,95.32,102.81
2024-12-12,95.4,104.35
2024-12-13,92.83,98.99
2024-12-16,96.39,103.57
2024-12-17,96.57,104.27
2024-12-18,94.48,102.32
2024-12-19,94.76,102.53
2024-12-20,92.53,100.74
2024-12-23,95.6,104.86
2024-12-24,95.69,104.1
2024-12-25,94.74,103.18
2024-12-26,96.52,101.19
2024-12-27,94.33,101.97
2024-12-30,95.68,104.25
2024-12-31,93.31,102.14
2025-01-01,100.3,106.94
2025-01-02,100.08,106.77
2025-01-03,100.68,107.58
2025-01-06,99.79,108.84
2025-01-07,100.15,110.23
2025-01-08,101.59,108.89
2025-01-09,99.7,109.49
2025-01-10,97.94,106.02
2025-01-13,102.98,110.96
2025-01-14,102.43,110.19
2025-01-15,98.42,107.76
2025-01-16,101.4,110.17
2025-01-17,99.61,112.11
2025-01-20,100.76,107.1
2025-01-21,100.81,109.92
2025-01-22,100.02,106.96
2025-01-23,99.19,105.4
2025-01-24,99.34,107.27
2025-01-27,99.0,107.19
2025-01-28,99.13,112.85
2025-01-29,100.28,107.93
2025-01-30,99.31,105.01
2025-01-31,101.4,110.07
2025-02-03,104.61,108.64
2025-02-04,101.51,109.44
2025-02-05,102.75,111.0
2025-02-06,103.14,113.03
2025-02-07,103.1,113.36
2025-02-10,102.51,109.68
2025-02-11,103.51,111.48
2025-02-12,103.12,109.79
2025-02-13,100.54,106.31
2025-02-14,103.7,112.64
2025-02-17,103.73,109.39
2025-02-18,101.26,108.52
2025-02-19,102.46,108.62
2025-02-20,103.43,112.84
2025-02-21,102.09,113.94
2025-02-24,104.02,109.63
2025-02-25,105.96,110.51
2025-02-26,101.24,109.09
2025-02-27,100.34,108.4
2025-02-28,102.87,111.55
2025-03-03,104.97,112.43
2025-03-04,103.54,111.41
2025-03-05,106.07,115.34
2025-03-06,101.88,112.15
2025-03-07,104.93,109.22
2025-03-10,102.98,110.46
2025-03-11,106.47,115.44
2025-03-12,106.89,113.48
2025-03-13,102.75,114.53
2025-03-14,103.08,110.02
2025-03-17,105.19,113.52
2025-03-18,103.32,112.73
2025-03-19,103.84,110.92
2025-03-20,103.95,108.43
2025-03-21,101.03,108.25
2025-03-24,103.89,114.34
2025-03-25,102.88,110.42
2025-03-26,103.18,109.69
2025-03-27,106.08,116.53
2025-03-28,102.03,109.52
2025-03-31,105.14,112.48
2025-04-01,104.04,112.67
2025-04-02,104.04,113.97
2025-04-03,105.65,119.13
2025-04-04,104.97,115.1
2025-04-07,105.32,116.19
2025-04-08,105.92,113.32
2025-04-09,103.97,110.15
2025-04-10,103.55,111.96
2025-04-11,102.85,111.3
2025-04-14,103.24,109.27
2025-04-15,108.9,117.23
2025-04-16,106.35,115.71
2025-04-17,102.45,111.38
2025-04-18,102.5,111.73
2025-04-21,105.21,114.24
2025-04-22,105.31,112.67
2025-04-23,105.31,112.65
2025-04-24,104.11,109.94
2025-04-25,104.3,116.37
2025-04-28,104.99,113.42
2025-04-29,104.62,112.52
2025-04-30,101.17,107.38
2025-05-01,103.62,117.99
2025-05-02,102.69,108.7
2025-05-05,104.23,111.67
2025-05-06,108.45,118.03
2025-05-07,104.52,114.14
2025-05-08,103.5,113.76
2025-05-09,105.36,117.6
2025-05-12,104.7,114.14
2025-05-13,104.61,110.77
2025-05-14,104.89,112.74
2025-05-15,107.07,116.29
2025-05-16,102.29,114.7
2025-05-19,104.7,110.15
2025-05-20,102.6,113.28
2025-05-21,104.82,113.58
2025-05-22,102.61,112.54
2025-05-23,103.37,111.43
2025-05-26,103.55,110.09
2025-05-27,105.46,115.48
2025-05-28,105.38,115.19
2025-05-29,102.13,112.29
2025-05-30,104.08,112.38
2025-06-02,101.48,108.38
2025-06-03,100.65,105.56
2025-06-04,102.22,112.07
2025-06-05,102.08,111.11
2025-06-06,106.19,112.63
2025-06-09,103.2,110.34
2025-06-10,100.48,107.58
2025-06-11,101.71,106.83
2025-06-12,104.09,110.71
2025-06-13,105.69,111.75
2025-06-16,100.18,107.37
2025-06-17,99.74,106.25
2025-06-18,105.37,110.37
2025-06-19,103.15,115.57
2025-06-20,101.26,111.9
2025-06-23,103.37,110.03
2025-06-24,98.62,107.05
2025-06-25,102.58,111.64
2025-06-26,103.06,113.76
2025-06-27,103.96,110.57
2025-06-30,101.06,111.35
2025-07-01,100.71,107.66
2025-07-02,99.19,104.48
2025-07-03,100.97,110.51
2025-07-04,99.24,109.74
2025-07-07,99.97,113.14
2025-07-08,99.09,104.64
2025-07-09,101.57,111.12
2025-07-10,101.88,109.2
2025-07-11,100.24,109.83
2025-07-14,100.65,105.74
2025-07-15,98.42,103.81
2025-07-16,100.15,106.61
2025-07-17,100.53,108.73
2025-07-18,104.53,111.55
2025-07-21,98.94,108.16
2025-07-22,102.8,113.14
2025-07-23,102.1,111.49
2025-07-24,101.03,112.38
2025-07-25,103.25,112.37
2025-07-28,101.17,106.8
2025-07-29,101.2,112.06
2025-07-30,100.54,107.37
2025-07-31,102.45,112.51
2025-08-01,100.27,111.45
2025-08-04,97.68,106.39
2025-08-05,96.65,101.49
2025-08-06,98.32,104.38
2025-08-07,97.43,107.8
2025-08-08,98.54,106.09
2025-08-11,100.49,108.69
2025-08-12,97.95,107.27
2025-08-13,98.57,107.83
2025-08-14,98.72,107.17
2025-08-15,99.91,107.49
2025-08-18,95.27,102.3
2025-08-19,97.73,107.23
2025-08-20,98.96,107.97
2025-08-21,100.45,107.97
2025-08-22,97.91,107.86
2025-08-25,95.84,103.26
2025-08-26,99.58,105.85
2025-08-27,97.7,104.03
2025-08-28,96.87,102.72
2025-08-29,97.72,105.01
2025-09-01,96.92,107.07
2025-09-02,96.29,102.44
2025-09-03,93.89,101.76
2025-09-04,98.55,105.14
2025-09-05,99.12,106.53
2025-09-08,98.18,103.07
2025-09-09,95.5,102.72
2025-09-10,96.91,104.29
2025-09-11,97.2,106.03
2025-09-12,98.11,106.4
2025-09-15,98.22,103.72
2025-09-16,96.11,105.88
2025-09-17,97.34,105.54
2025-09-18,97.91,106.13
2025-09-19,99.41,107.34
2025-09-22,98.28,105.12
2025-09-23,98.41,106.71
2025-09-24,97.35,106.06
2025-09-25,99.34,103.82
2025-09-26,97.85,104.62
2025-09-29,95.94,103.13
2025-09-30,99.34,107.8
2025-10-01,97.75,107.9
2025-10-02,96.04,102.24
2025-10-03,95.99,102.71
2025-10-06,97.15,103.93
2025-10-07,97.4,103.63
2025-10-08,97.01,104.1
2025-10-09,97.18,106.45
2025-10-10,99.26,105.11
2025-10-13,98.32,107.03
2025-10-14,97.0,101.46
2025-10-15,98.13,104.88
2025-10-16,95.17,102.16
2025-10-17,97.32,108.37
2025-10-20,99.44,106.85
2025-10-21,96.4,99.87
2025-10-22,95.46,99.28
2025-10-23,95.75,103.48
2025-10-24,95.1,103.88
2025-10-27,95.56,103.92
2025-10-28,96.18,104.2
2025-10-29,94.63,104.4
2025-10-30,96.76,103.46
2025-10-31,98.09,107.69
2025-11-03,95.92,100.46
2025-11-04,99.56,105.72
2025-11-05,98.05,102.35
2025-11-06,98.83,106.19
2025-11-07,96.3,103.91
2025-11-10,98.57,106.68
2025-11-11,95.65,103.42
2025-11-12,98.63,104.69
2025-11-13,97.55,104.98
2025-11-14,98.13,103.04
2025-11-17,95.53,105.78
2025-11-18,95.96,103.05
2025-11-19,98.2,105.1
2025-11-20,95.88,106.6
2025-11-21,98.0,103.41
2025-11-24,95.26,100.74
2025-11-25,98.58,104.31
2025-11-26,95.46,102.97
2025-11-27,98.14,106.84
2025-11-28,98.25,107.56
2025-12-01,97.73,110.58
2025-12-02,99.65,103.14
2025-12-03,99.17,108.31
2025-12-04,97.98,104.73
2025-12-05,97.27,103.91
2025-12-08,95.85,102.33
2025-12-09,99.32,105.46
2025-12-10,96.45,107.42
2025-12-11,98.94,108.52
2025-12-12,98.4,106.32
2025-12-15,99.82,110.5
2025-12-16,98.35,103.24
2025-12-17,98.31,103.56
2025-12-18,99.9,103.54
2025-12-19,99.31,105.87
2025-12-22,99.28,107.54
2025-12-23,99.51,107.68
2025-12-24,96.51,104.52
2025-12-25,99.95,105.13
2025-12-26,99.73,109.31
2025-12-29,97.29,105.54
2025-12-30,98.45,107.77
2025-12-31,98.76,102.92
2026-01-01,104.62,113.64
2026-01-02,105.33,111.25
2026-01-05,106.97,114.68
2026-01-06,106.45,116.1
2026-01-07,102.86,111.28
2026-01-08,105.76,112.42
2026-01-09,106.83,115.39
2026-01-12,105.42,110.62
2026-01-13,106.47,117.44
2026-01-14,107.86,116.05
2026-01-15,106.38,117.27
2026-01-16,105.22,112.53
2026-01-19,106.41,113.81
2026-01-20,105.06,111.86
2026-01-21,104.88,115.11
2026-01-22,104.32,111.19
2026-01-23,107.2,117.16
2026-01-26,103.63,111.13
2026-01-27,107.15,111.49
2026-01-28,105.61,112.85
2026-01-29,102.76,108.56
2026-01-30,105.41,113.91
2026-02-02,103.21,109.01
2026-02-03,107.3,117.87
2026-02-04,107.69,116.11
2026-02-05,105.48,113.54
2026-02-06,106.56,116.48
2026-02-09,109.3,120.15
2026-02-10,105.62,114.03
2026-02-11,104.79,111.56
2026-02-12,108.6,113.43
2026-02-13,109.32,116.57
2026-02-16,106.39,113.59
2026-02-17,107.9,116.76
2026-02-18,108.4,116.32
2026-02-19,105.27,115.14
2026-02-20,105.66,112.82
2026-02-23,108.24,116.78
2026-02-24,108.92,120.21
2026-02-25,107.24,116.55
2026-02-26,105.08,113.36
2026-02-27,109.38,116.81
2026-03-02,106.7,113.88
2026-03-03,107.0,113.74
2026-03-04,108.02,115.49
2026-03-05,109.84,120.29
2026-03-06,108.79,117.01
2026-03-09,108.13,113.86
2026-03-10,108.2,120.68
2026-03-11,107.58,116.87
2026-03-12,108.35,113.97
2026-03-13,103.72,111.1
2026-03-16,107.07,115.87
2026-03-17,107.88,120.19
2026-03-18,105.79,111.91
2026-03-19,108.1,118.86
2026-03-20,107.22,118.8
2026-03-23,110.16,117.59
2026-03-24,109.89,118.07
2026-03-25,106.83,113.16
2026-03-26,107.31,115.46
2026-03-27,107.42,115.93
2026-03-30,106.86,116.82
2026-03-31,107.83,118.81
2026-04-01,106.8,113.75
2026-04-02,106.25,110.57
2026-04-03,108.88,117.54
2026-04-06,108.89,118.24
2026-04-07,106.74,115.81
2026-04-08,109.29,117.32
2026-04-09,107.0,115.83
2026-04-10,108.33,120.28
2026-04-13,109.19,118.76
2026-04-14,107.91,115.74
2026-04-15,108.64,116.24
2026-04-16,107.19,115.4
2026-04-17,107.67,119.81
2026-04-20,107.66,115.88
2026-04-21,106.85,115.36
2026-04-22,107.7,115.28
2026-04-23,105.65,116.42
2026-04-24,107.24,120.02
2026-04-27,107.55,117.12
2026-04-28,107.59,116.38
2026-04-29,107.62,116.31
2026-04-30,107.89,111.38
2026-05-01,108.3,118.58
2026-05-04,108.89,117.89
2026-05-05,106.61,116.05
2026-05-06,105.78,112.74
2026-05-07,106.02,113.69
2026-05-08,106.86,114.53
2026-05-11,107.06,117.81
2026-05-12,106.44,114.15
2026-05-13,105.65,118.5
2026-05-14,106.91,116.38
2026-05-15,107.87,113.75
